<?xml version="1.0" encoding="utf-8" ?>
<dwsync>
<file name="DB_cache.php" server="ftp.beatblab.com/mrchalkies/installify/" local="130812470520000000" remote="130953205800000000" Dst="0" />
<file name="DB.php" server="ftp.beatblab.com/mrchalkies/installify/" local="130812470520000000" remote="130953205800000000" Dst="0" />
<file name="DB_active_rec.php" server="ftp.beatblab.com/mrchalkies/installify/" local="130812470520000000" remote="130953205800000000" Dst="0" />
<file name="DB_forge.php" server="ftp.beatblab.com/mrchalkies/installify/" local="130812470520000000" remote="130953205800000000" Dst="0" />
<file name="DB_driver.php" server="ftp.beatblab.com/mrchalkies/installify/" local="130820366005270830" remote="130953205800000000" Dst="0" />
<file name="DB_result.php" server="ftp.beatblab.com/mrchalkies/installify/" local="130812470520000000" remote="130953205800000000" Dst="0" />
<file name="DB_utility.php" server="ftp.beatblab.com/mrchalkies/installify/" local="130812470520000000" remote="130953205800000000" Dst="0" />
<file name="index.html" server="ftp.beatblab.com/mrchalkies/installify/" local="130812470520000000" remote="130953207000000000" Dst="0" />
</dwsync>