<?xml version="1.0" encoding="utf-8" ?>
<dwsync>
<file name="Calendar.php" server="ftp.beatblab.com/mrchalkies/installify/" local="130812470520000000" remote="130953207600000000" Dst="0" />
<file name="Cart.php" server="ftp.beatblab.com/mrchalkies/installify/" local="130812470520000000" remote="130953207600000000" Dst="0" />
<file name="Driver.php" server="ftp.beatblab.com/mrchalkies/installify/" local="130812470520000000" remote="130953207600000000" Dst="0" />
<file name="Encrypt.php" server="ftp.beatblab.com/mrchalkies/installify/" local="130812470520000000" remote="130953207600000000" Dst="0" />
<file name="Form_validation.php" server="ftp.beatblab.com/mrchalkies/installify/" local="130812470520000000" remote="130953207600000000" Dst="0" />
<file name="Email.php" server="ftp.beatblab.com/mrchalkies/installify/" local="130812470520000000" remote="130953207600000000" Dst="0" />
<file name="Ftp.php" server="ftp.beatblab.com/mrchalkies/installify/" local="130812470520000000" remote="130953207600000000" Dst="0" />
<file name="Image_lib.php" server="ftp.beatblab.com/mrchalkies/installify/" local="130812470520000000" remote="130953207600000000" Dst="0" />
<file name="index.html" server="ftp.beatblab.com/mrchalkies/installify/" local="130812470520000000" remote="130953207600000000" Dst="0" />
<file name="Log.php" server="ftp.beatblab.com/mrchalkies/installify/" local="130812470520000000" remote="130953207600000000" Dst="0" />
<file name="Javascript.php" server="ftp.beatblab.com/mrchalkies/installify/" local="130812470520000000" remote="130953207600000000" Dst="0" />
<file name="Migration.php" server="ftp.beatblab.com/mrchalkies/installify/" local="130812470520000000" remote="130953207600000000" Dst="0" />
<file name="Pagination.php" server="ftp.beatblab.com/mrchalkies/installify/" local="130812470520000000" remote="130953207600000000" Dst="0" />
<file name="Parser.php" server="ftp.beatblab.com/mrchalkies/installify/" local="130812470520000000" remote="130953207600000000" Dst="0" />
<file name="Profiler.php" server="ftp.beatblab.com/mrchalkies/installify/" local="130812470520000000" remote="130953207600000000" Dst="0" />
<file name="Session.php" server="ftp.beatblab.com/mrchalkies/installify/" local="130812470520000000" remote="130953207600000000" Dst="0" />
<file name="Sha1.php" server="ftp.beatblab.com/mrchalkies/installify/" local="130812470520000000" remote="130953207600000000" Dst="0" />
<file name="Trackback.php" server="ftp.beatblab.com/mrchalkies/installify/" local="130812470520000000" remote="130953207600000000" Dst="0" />
<file name="Typography.php" server="ftp.beatblab.com/mrchalkies/installify/" local="130812470520000000" remote="130953207600000000" Dst="0" />
<file name="Table.php" server="ftp.beatblab.com/mrchalkies/installify/" local="130812470520000000" remote="130953207600000000" Dst="0" />
<file name="Unit_test.php" server="ftp.beatblab.com/mrchalkies/installify/" local="130812470520000000" remote="130953207600000000" Dst="0" />
<file name="Upload.php" server="ftp.beatblab.com/mrchalkies/installify/" local="130812470520000000" remote="130953207600000000" Dst="0" />
<file name="User_agent.php" server="ftp.beatblab.com/mrchalkies/installify/" local="130812470520000000" remote="130953207600000000" Dst="0" />
<file name="Xmlrpcs.php" server="ftp.beatblab.com/mrchalkies/installify/" local="130812470520000000" remote="130953207600000000" Dst="0" />
<file name="Zip.php" server="ftp.beatblab.com/mrchalkies/installify/" local="130812470520000000" remote="130953207600000000" Dst="0" />
<file name="Xmlrpc.php" server="ftp.beatblab.com/mrchalkies/installify/" local="130812470520000000" remote="130953207600000000" Dst="0" />
</dwsync>