<?xml version="1.0" encoding="utf-8" ?>
<dwsync>
<file name="Benchmark.php" server="ftp.beatblab.com/mrchalkies/installify/" local="130812470520000000" remote="130953205800000000" Dst="0" />
<file name="CodeIgniter.php" server="ftp.beatblab.com/mrchalkies/installify/" local="130812470520000000" remote="130953205800000000" Dst="0" />
<file name="Common.php" server="ftp.beatblab.com/mrchalkies/installify/" local="130812470520000000" remote="130953205800000000" Dst="0" />
<file name="Config.php" server="ftp.beatblab.com/mrchalkies/installify/" local="130812470520000000" remote="130953205800000000" Dst="0" />
<file name="Exceptions.php" server="ftp.beatblab.com/mrchalkies/installify/" local="130812470520000000" remote="130953205800000000" Dst="0" />
<file name="Hooks.php" server="ftp.beatblab.com/mrchalkies/installify/" local="130812470520000000" remote="130953205800000000" Dst="0" />
<file name="Controller.php" server="ftp.beatblab.com/mrchalkies/installify/" local="130812470520000000" remote="130953205800000000" Dst="0" />
<file name="index.html" server="ftp.beatblab.com/mrchalkies/installify/" local="130812470520000000" remote="130953205800000000" Dst="0" />
<file name="Input.php" server="ftp.beatblab.com/mrchalkies/installify/" local="130812470520000000" remote="130953205800000000" Dst="0" />
<file name="Lang.php" server="ftp.beatblab.com/mrchalkies/installify/" local="130812470520000000" remote="130953205800000000" Dst="0" />
<file name="Model.php" server="ftp.beatblab.com/mrchalkies/installify/" local="130812470520000000" remote="130953205800000000" Dst="0" />
<file name="Output.php" server="ftp.beatblab.com/mrchalkies/installify/" local="130812470520000000" remote="130953205800000000" Dst="0" />
<file name="Loader.php" server="ftp.beatblab.com/mrchalkies/installify/" local="130812470520000000" remote="130953205800000000" Dst="0" />
<file name="Router.php" server="ftp.beatblab.com/mrchalkies/installify/" local="130812470520000000" remote="130953205800000000" Dst="0" />
<file name="Security.php" server="ftp.beatblab.com/mrchalkies/installify/" local="130812470520000000" remote="130953205800000000" Dst="0" />
<file name="URI.php" server="ftp.beatblab.com/mrchalkies/installify/" local="130812470520000000" remote="130953205800000000" Dst="0" />
<file name="Utf8.php" server="ftp.beatblab.com/mrchalkies/installify/" local="130812470520000000" remote="130953205800000000" Dst="0" />
</dwsync>