<?xml version="1.0" encoding="utf-8" ?>
<dwsync>
<file name="array_helper.php" server="ftp.beatblab.com/mrchalkies/installify/" local="130812470520000000" remote="130953207000000000" Dst="0" />
<file name="captcha_helper.php" server="ftp.beatblab.com/mrchalkies/installify/" local="130812470520000000" remote="130953207000000000" Dst="0" />
<file name="cookie_helper.php" server="ftp.beatblab.com/mrchalkies/installify/" local="130812470520000000" remote="130953207000000000" Dst="0" />
<file name="date_helper.php" server="ftp.beatblab.com/mrchalkies/installify/" local="130812470520000000" remote="130953207000000000" Dst="0" />
<file name="directory_helper.php" server="ftp.beatblab.com/mrchalkies/installify/" local="130812470520000000" remote="130953207000000000" Dst="0" />
<file name="download_helper.php" server="ftp.beatblab.com/mrchalkies/installify/" local="130812470520000000" remote="130953207000000000" Dst="0" />
<file name="email_helper.php" server="ftp.beatblab.com/mrchalkies/installify/" local="130812470520000000" remote="130953207000000000" Dst="0" />
<file name="file_helper.php" server="ftp.beatblab.com/mrchalkies/installify/" local="130812470520000000" remote="130953207000000000" Dst="0" />
<file name="form_helper.php" server="ftp.beatblab.com/mrchalkies/installify/" local="130812470520000000" remote="130953207000000000" Dst="0" />
<file name="html_helper.php" server="ftp.beatblab.com/mrchalkies/installify/" local="130812470520000000" remote="130953207000000000" Dst="0" />
<file name="index.html" server="ftp.beatblab.com/mrchalkies/installify/" local="130812470520000000" remote="130953207000000000" Dst="0" />
<file name="language_helper.php" server="ftp.beatblab.com/mrchalkies/installify/" local="130812470520000000" remote="130953207000000000" Dst="0" />
<file name="inflector_helper.php" server="ftp.beatblab.com/mrchalkies/installify/" local="130812470520000000" remote="130953207000000000" Dst="0" />
<file name="number_helper.php" server="ftp.beatblab.com/mrchalkies/installify/" local="130812470520000000" remote="130953207000000000" Dst="0" />
<file name="path_helper.php" server="ftp.beatblab.com/mrchalkies/installify/" local="130812470520000000" remote="130953207000000000" Dst="0" />
<file name="security_helper.php" server="ftp.beatblab.com/mrchalkies/installify/" local="130812470520000000" remote="130953207000000000" Dst="0" />
<file name="smiley_helper.php" server="ftp.beatblab.com/mrchalkies/installify/" local="130812470520000000" remote="130953207000000000" Dst="0" />
<file name="text_helper.php" server="ftp.beatblab.com/mrchalkies/installify/" local="130812470520000000" remote="130953207000000000" Dst="0" />
<file name="string_helper.php" server="ftp.beatblab.com/mrchalkies/installify/" local="130812470520000000" remote="130953207000000000" Dst="0" />
<file name="typography_helper.php" server="ftp.beatblab.com/mrchalkies/installify/" local="130812470520000000" remote="130953207000000000" Dst="0" />
<file name="xml_helper.php" server="ftp.beatblab.com/mrchalkies/installify/" local="130812470520000000" remote="130953207000000000" Dst="0" />
<file name="url_helper.php" server="ftp.beatblab.com/mrchalkies/installify/" local="130812470520000000" remote="130953207000000000" Dst="0" />
</dwsync>